{"name":"S","familyName":"11","yearOfBirth":1989,"id":"S11","height":1.8600000143051148,"upperArmLength":0.3100000023841858,"upperArmWidth":0.10000000149011612,"forearmLength":0.28999999165534975,"forearmWidth":0.09000000357627869,"handLength":0.20499999821186067,"type":2,"lefty":false}