{"name":"S","familyName":"3","yearOfBirth":1991,"id":"S3","height":1.809999942779541,"upperArmLength":0.32499998807907107,"upperArmWidth":0.07999999821186066,"forearmLength":0.2750000059604645,"forearmWidth":0.10000000149011612,"handLength":0.1850000023841858,"type":2,"lefty":false}