{"name":"S","familyName":"8","yearOfBirth":1996,"id":"S8","height":1.6399999856948853,"upperArmLength":0.27000001072883608,"upperArmWidth":0.07000000029802323,"forearmLength":0.23000000417232514,"forearmWidth":0.07500000298023224,"handLength":0.17000000178813935,"type":2,"lefty":false}