{"name":"S","familyName":"4","yearOfBirth":1988,"id":"S4","height":1.7899999618530274,"upperArmLength":0.2800000011920929,"upperArmWidth":0.10000000149011612,"forearmLength":0.27000001072883608,"forearmWidth":0.10000000149011612,"handLength":0.20000000298023225,"type":2,"lefty":false}