{"name":"S","familyName":"15","yearOfBirth":1990,"id":"S15","height":1.7799999713897706,"upperArmLength":0.30000001192092898,"upperArmWidth":0.10000000149011612,"forearmLength":0.2800000011920929,"forearmWidth":0.10000000149011612,"handLength":0.1899999976158142,"type":2,"lefty":false}