{"name":"S","familyName":"2","yearOfBirth":1995,"id":"S2","height":1.7300000190734864,"upperArmLength":0.2800000011920929,"upperArmWidth":0.07000000029802323,"forearmLength":0.25999999046325686,"forearmWidth":0.09000000357627869,"handLength":0.18000000715255738,"type":2,"lefty":false}