{"name":"S","familyName":"13","yearOfBirth":1997,"id":"S13","height":1.600000023841858,"upperArmLength":0.25,"upperArmWidth":0.05999999865889549,"forearmLength":0.23999999463558198,"forearmWidth":0.07999999821186066,"handLength":0.17000000178813935,"type":2,"lefty":false}