{"name":"S","familyName":"5","yearOfBirth":1987,"id":"S5","height":1.7100000381469727,"upperArmLength":0.2800000011920929,"upperArmWidth":0.09000000357627869,"forearmLength":0.25,"forearmWidth":0.10000000149011612,"handLength":0.1899999976158142,"type":2,"lefty":false}