{"name":"S","familyName":"16","yearOfBirth":1997,"id":"S16","weight":55.0,"height":1.6699999570846558,"upperArmLength":0.25999999046325686,"upperArmWidth":0.07000000029802323,"forearmLength":0.23000000417232514,"forearmWidth":0.08500000089406967,"handLength":0.17000000178813935,"type":0,"lefty":true}