{"name":"S","familyName":"11","yearOfBirth":1991,"id":"S11","height":1.6399999856948853,"upperArmLength":0.25,"upperArmWidth":0.07000000029802323,"forearmLength":0.23999999463558198,"forearmWidth":0.07000000029802323,"handLength":0.17000000178813935,"type":2,"lefty":false}