{"name":"S","familyName":"1","yearOfBirth":1994,"id":"S1","height":1.649999976158142,"upperArmLength":0.2800000011920929,"upperArmWidth":0.07000000029802323,"forearmLength":0.23000000417232514,"forearmWidth":0.07999999821186066,"handLength":0.16500000655651093,"type":2,"lefty":false}