{"name":"S","familyName":"7","yearOfBirth":1996,"id":"S7","height":1.6399999856948853,"upperArmLength":0.27000001072883608,"upperArmWidth":0.07500000298023224,"forearmLength":0.2549999952316284,"forearmWidth":0.07000000029802323,"handLength":0.17499999701976777,"type":2,"lefty":false}