{"name":"S","familyName":"6","yearOfBirth":1992,"id":"S6","height":1.7000000476837159,"upperArmLength":0.27000001072883608,"upperArmWidth":0.07500000298023224,"forearmLength":0.2549999952316284,"forearmWidth":0.07000000029802323,"handLength":0.17499999701976777,"type":2,"lefty":false}