{"name":"S","familyName":"9","yearOfBirth":1991,"id":"S9","height":1.9500000476837159,"upperArmLength":0.33000001311302187,"upperArmWidth":0.12999999523162843,"forearmLength":0.28999999165534975,"forearmWidth":0.12999999523162843,"handLength":0.20999999344348908,"type":2,"lefty":false}